{
    "total_runtime": 345.42088294029236,
    "num_documents": 90,
    "input_load_time": 0,
    "workflows": {
        "create_base_text_units": {
            "overall": 4.335395812988281,
            "0_create_base_text_units": 4.331212043762207
        },
        "create_final_documents": {
            "overall": 0.03207683563232422,
            "0_create_final_documents": 0.02688002586364746
        },
        "create_base_entity_graph": {
            "overall": 192.09266686439514,
            "0_create_base_entity_graph": 192.08644580841064
        },
        "create_final_entities": {
            "overall": 0.08599972724914551,
            "0_create_final_entities": 0.07937216758728027
        },
        "create_final_nodes": {
            "overall": 0.28623080253601074,
            "0_create_final_nodes": 0.2812941074371338
        },
        "create_final_communities": {
            "overall": 0.16320419311523438,
            "0_create_final_communities": 0.15654420852661133
        },
        "create_final_relationships": {
            "overall": 0.08536291122436523,
            "0_create_final_relationships": 0.07920598983764648
        },
        "create_final_text_units": {
            "overall": 0.05126023292541504,
            "0_create_final_text_units": 0.042654991149902344
        },
        "create_final_community_reports": {
            "overall": 133.38534307479858,
            "0_create_final_community_reports": 133.3767330646515
        },
        "generate_text_embeddings": {
            "overall": 9.777649164199829,
            "0_generate_text_embeddings": 9.767745971679688
        }
    }
}