{
    "total_runtime": 178.88263297080994,
    "num_documents": 90,
    "input_load_time": 0,
    "workflows": {
        "create_base_text_units": {
            "overall": 2.883575916290283,
            "0_create_base_text_units": 2.8805360794067383
        },
        "create_final_documents": {
            "overall": 0.08800292015075684,
            "0_create_final_documents": 0.0827798843383789
        },
        "create_base_entity_graph": {
            "overall": 95.90648412704468,
            "0_create_base_entity_graph": 95.90159296989441
        },
        "create_final_entities": {
            "overall": 0.05520272254943848,
            "0_create_final_entities": 0.047206878662109375
        },
        "create_final_nodes": {
            "overall": 0.1918017864227295,
            "0_create_final_nodes": 0.1841568946838379
        },
        "create_final_communities": {
            "overall": 0.1365649700164795,
            "0_create_final_communities": 0.12720704078674316
        },
        "create_final_relationships": {
            "overall": 0.056732177734375,
            "0_create_final_relationships": 0.04981088638305664
        },
        "create_final_text_units": {
            "overall": 0.050472259521484375,
            "0_create_final_text_units": 0.04220008850097656
        },
        "create_final_community_reports": {
            "overall": 71.36262488365173,
            "0_create_final_community_reports": 71.35422396659851
        },
        "generate_text_embeddings": {
            "overall": 5.697486877441406,
            "0_generate_text_embeddings": 5.687010049819946
        }
    }
}